title,Company name,Time of posting,url,seniority_level,employment_type,experience_years,requirements
Back End Developer,hackajob,2 weeks ago,https://www.linkedin.com/jobs-guest/jobs/api/jobPosting/4370504606,Director,Contract,,
"Software Engineer, Fullstack, Early Career",Notion,3 days ago,https://www.linkedin.com/jobs-guest/jobs/api/jobPosting/4334367155,Entry level,Full-time,,
Junior Full-Stack Developer,Capgemini,2 weeks ago,https://www.linkedin.com/jobs-guest/jobs/api/jobPosting/4370834867,Entry level,Full-time,,"Bachelor's degree in computer science. | Hands‑on experience through academic projects, internships, or coursework in: | Java | Spring Boot and Microservices | Angular | Strong understanding of HTML5, CSS3, and modern front‑end technologies | Familiarity with: | Application architecture concepts | Unit testing frameworks | Agile delivery methodologies | Strong communication and interpersonal skills; able to work effectively within a team | Self‑motivated, adaptable, and eager to take on new challenges | Must be open to relocation"
Backend Engineer Intern,Tinder,2 weeks ago,https://www.linkedin.com/jobs-guest/jobs/api/jobPosting/4324000392,Not Applicable,Internship,,
"Software Engineer, Fullstack, Early Career",Notion,4 days ago,https://www.linkedin.com/jobs-guest/jobs/api/jobPosting/4334158613,Entry level,Full-time,,
Python Software Engineer,"CPS, Inc.",6 days ago,https://www.linkedin.com/jobs-guest/jobs/api/jobPosting/4330570856,Entry level,Full-time,,
Python Web Developer,The BayTech Group,1 week ago,https://www.linkedin.com/jobs-guest/jobs/api/jobPosting/4363140145,Mid-Senior level,Full-time,,
Python Software Engineer,"CPS, Inc.",6 days ago,https://www.linkedin.com/jobs-guest/jobs/api/jobPosting/4330410851,Entry level,Full-time,,
Software Engineer - BE Python,PayPal,2 weeks ago,https://www.linkedin.com/jobs-guest/jobs/api/jobPosting/4363081581,Not Applicable,Full-time,,1+ years relevant experience and a Bachelor’s degree OR Any equivalent combination of education and experience.
"Python Engineer, Truework",Tessera Data,2 weeks ago,https://www.linkedin.com/jobs-guest/jobs/api/jobPosting/4370145514,Entry level,Full-time,,"2+ years of software development experience | Bachelor degree (or equivalent education/training) | Proficiency in Python and JavaScript | Experience developing RESTful APIs | Strong communication and documentation skills | A strong sense of ownership from feature design through production release | A desire to collaborate with external stakeholders | An eagerness to learn, collaborate, improve, innovate, and have fun | An A-player mindset with a strong bias for action: you raise the bar, move with urgency, stay resilient through ambiguity, and take ownership to deliver meaningful outcomes"
Entry-Level Python Engineer [32901],Stealth Startup,3 days ago,https://www.linkedin.com/jobs-guest/jobs/api/jobPosting/4373730356,Entry level,Full-time,,
Python Developer,Infinite Computer Solutions,5 months ago,https://www.linkedin.com/jobs-guest/jobs/api/jobPosting/4312547385,Entry level,Full-time,,
Backend Engineer Intern,Tinder,2 weeks ago,https://www.linkedin.com/jobs-guest/jobs/api/jobPosting/4323730907,Not Applicable,Internship,,
Python Developer,LTIMindtree,4 days ago,https://www.linkedin.com/jobs-guest/jobs/api/jobPosting/4367597139,Mid-Senior level,Full-time,15,
Python Developer,Webologix Ltd/ INC,2 weeks ago,https://www.linkedin.com/jobs-guest/jobs/api/jobPosting/4371028211,Entry level,Full-time,,
Entry-Level Python Engineer [32901],Stealth Startup,3 days ago,https://www.linkedin.com/jobs-guest/jobs/api/jobPosting/4373732392,Entry level,Full-time,,
Junior Full Stack Engineer ($250k - $300k salary),Baton Corporation,1 week ago,https://www.linkedin.com/jobs-guest/jobs/api/jobPosting/4373590558,Entry level,Full-time,,
Python Developer,LTIMindtree,3 weeks ago,https://www.linkedin.com/jobs-guest/jobs/api/jobPosting/4367703131,Mid-Senior level,Full-time,15,
Software Engineer - Python,Tomo,3 weeks ago,https://www.linkedin.com/jobs-guest/jobs/api/jobPosting/4367494236,Entry level,Contract,2,
"Junior Software Engineer, Python",Torch.AI,8 months ago,https://www.linkedin.com/jobs-guest/jobs/api/jobPosting/4252110204,Entry level,Full-time,,
Entry-Level Python Engineer [32901],Stealth Startup,3 days ago,https://www.linkedin.com/jobs-guest/jobs/api/jobPosting/4373725403,Entry level,Full-time,,
Entry-Level Python Engineer [32901],Stealth Startup,3 days ago,https://www.linkedin.com/jobs-guest/jobs/api/jobPosting/4373744180,Entry level,Full-time,,
Python Developer,ESB Technologies,2 weeks ago,https://www.linkedin.com/jobs-guest/jobs/api/jobPosting/4369818717,Mid-Senior level,Contract,,
Entry-Level Python Engineer [32870],Stealth Startup,1 week ago,https://www.linkedin.com/jobs-guest/jobs/api/jobPosting/4364797749,Entry level,Full-time,,
Entry-Level Python Engineer [32901],Stealth Startup,3 days ago,https://www.linkedin.com/jobs-guest/jobs/api/jobPosting/4373744238,Entry level,Full-time,,
Junior Software Engineer (Python),Synergy ECP,8 months ago,https://www.linkedin.com/jobs-guest/jobs/api/jobPosting/4250717400,Entry level,Full-time,,Python | C++ | MATLAB | Linux
"Python Developer - Make Healthcare Great Again - $200k , Full Remote, Python, TypeScript.",Venchr,1 month ago,https://www.linkedin.com/jobs-guest/jobs/api/jobPosting/4329553573,Mid-Senior level,Full-time,,
